{"TiempoSleep": 5, "MaxIteraciones": 60}
{"Iteracion": 0, "PuntosX": [2.730776309967041, 2.745791435241699, 2.6078035831451416, 2.6113314628601074], "PuntosY": [-0.04766600579023361, -0.023961886763572693, 0.04551941901445389, 0.06838014721870422]}
{"Iteracion": 1, "PuntosX": [2.7139854431152344, 2.706313371658325, 2.588606357574463, 2.582097291946411], "PuntosY": [0.2852513790130615, 0.3083454370498657, 0.3868696987628937, 0.4089638888835907]}
{"Iteracion": 2, "PuntosX": [2.7226645946502686, 2.7058558464050293, 2.5857694149017334, 2.5840020179748535], "PuntosY": [0.7550617456436157, 0.7758916616439819, 0.8651865124702454, 0.8897432684898376]}
{"Iteracion": 3, "PuntosX": [2.7373533248901367, 2.732553482055664, 2.6303186416625977, 2.6080148220062256], "PuntosY": [1.1619375944137573, 1.1881484985351562, 1.2545976638793945, 1.2720136642456055]}
{"Iteracion": 4, "PuntosX": [2.724764823913574, 2.707080125808716, 2.588892936706543, 2.5897223949432373], "PuntosY": [1.6050090789794922, 1.6265780925750732, 1.7135509252548218, 1.7467896938323975]}
{"Iteracion": 5, "PuntosX": [2.7105681896209717, 2.5918357372283936], "PuntosY": [2.0425591468811035, 2.136544704437256]}
{"Iteracion": 6, "PuntosX": [2.698535680770874, 2.6852517127990723], "PuntosY": [2.6059463024139404, 2.638789176940918]}
{"Iteracion": 7, "PuntosX": [3.2101612091064453, 3.094057083129883], "PuntosY": [2.6462528705596924, 2.7373907566070557]}
{"Iteracion": 8, "PuntosX": [3.2639007568359375, 3.1432318687438965], "PuntosY": [2.990813732147217, 3.088843822479248]}
{"Iteracion": 9, "PuntosX": [3.233868360519409], "PuntosY": [3.122911214828491]}
{"Iteracion": 10, "PuntosX": [3.184764862060547, 3.0726611614227295, 3.0645477771759033], "PuntosY": [2.2299959659576416, 2.3154165744781494, 2.3515098094940186]}
{"Iteracion": 11, "PuntosX": [3.142673969268799, 3.0154287815093994], "PuntosY": [1.6709896326065063, 1.776223063468933]}
{"Iteracion": 12, "PuntosX": [3.032682418823242, 3.014206886291504, 2.9089908599853516, 2.890021800994873], "PuntosY": [1.1641374826431274, 1.1873276233673096, 1.2648650407791138, 1.286720633506775]}
{"Iteracion": 13, "PuntosX": [3.034471273422241, 3.015247106552124, 2.9103705883026123, 2.8910608291625977], "PuntosY": [1.1648244857788086, 1.187737226486206, 1.2654651403427124, 1.287183403968811]}
{"Iteracion": 14, "PuntosX": [3.296808958053589, 3.29968523979187, 3.184880495071411, 3.16838002204895], "PuntosY": [0.8526126146316528, 0.8841480016708374, 0.9434047341346741, 0.9686707854270935]}
{"Iteracion": 15, "PuntosX": [2.784231662750244, 2.7718679904937744, 2.653947353363037, 2.6480655670166016], "PuntosY": [0.2680910527706146, 0.29133522510528564, 0.37298813462257385, 0.3957560956478119]}
{"Iteracion": 16, "PuntosX": [3.1800196170806885, 3.1828725337982178, 3.0573275089263916, 3.0558218955993652], "PuntosY": [-0.41865766048431396, -0.39080750942230225, -0.3213382959365845, -0.29424193501472473]}
{"Iteracion": 17, "PuntosX": [2.7129065990448, 2.7064461708068848, 2.585803985595703, 2.5822370052337646], "PuntosY": [-0.6764037013053894, -0.6497604250907898, -0.573259174823761, -0.5488715767860413]}
{"Iteracion": 18, "PuntosX": [2.7426769733428955, 2.738673448562622, 2.611110210418701, 2.620424509048462], "PuntosY": [-1.2499103546142578, -1.2193362712860107, -1.135343074798584, -1.1123045682907104]}
{"Iteracion": 19, "PuntosX": [2.6186413764953613, 2.630880832672119], "PuntosY": [-1.8335919380187988, -1.8081543445587158]}
{"Iteracion": 20, "PuntosX": [3.1512317657470703], "PuntosY": [-2.289504051208496]}
{"Iteracion": 21, "PuntosX": [3.169800043106079, 3.045954704284668, 3.075794219970703], "PuntosY": [-1.7210612297058105, -1.6195626258850098, -1.6011574268341064]}
{"Iteracion": 22, "PuntosX": [3.136422872543335, 3.1572813987731934, 3.012484312057495], "PuntosY": [-0.5248569846153259, -0.5000640153884888, -0.4233771860599518]}
{"Iteracion": 23, "PuntosX": [3.0038602352142334, 3.0180983543395996, 3.0140485763549805, 3.032348155975342], "PuntosY": [-0.5838911533355713, -0.5593711137771606, -0.4235968589782715, -0.3992164134979248]}
{"Iteracion": 24, "PuntosX": [2.7388393878936768, 2.7235045433044434, 2.7374863624572754, 2.736217975616455], "PuntosY": [0.14353646337985992, 0.1665768325328827, 0.311896950006485, 0.33596548438072205]}
{"Iteracion": 25, "PuntosX": [2.7408602237701416, 2.7245213985443115, 2.738961696624756, 2.7374229431152344], "PuntosY": [0.14364245533943176, 0.166639044880867, 0.31206512451171875, 0.3361132740974426]}
{"Iteracion": 26, "PuntosX": [3.1561458110809326, 3.155456066131592, 3.162680149078369, 3.176614999771118], "PuntosY": [0.08264657109975815, 0.1101912260055542, 0.24890835583209991, 0.2779179513454437]}
{"Iteracion": 27, "PuntosX": [2.7177159786224365, 2.7127842903137207, 2.721801519393921, 2.707904100418091], "PuntosY": [0.6025031805038452, 0.6262955069541931, 0.754822313785553, 0.776479184627533]}
{"Iteracion": 28, "PuntosX": [3.1178174018859863, 3.1070175170898438, 3.1140596866607666, 3.1029231548309326], "PuntosY": [1.2281408309936523, 1.2553170919418335, 1.386468768119812, 1.4140843152999878]}
{"Iteracion": 29, "PuntosX": [2.6453702449798584, 2.628206968307495, 2.639350414276123, 2.624009609222412], "PuntosY": [1.6210845708847046, 1.6422855854034424, 1.780263900756836, 1.8034316301345825]}
{"Iteracion": 30, "PuntosX": [3.1207778453826904, 3.0993692874908447, 3.120331048965454, 3.09501314163208], "PuntosY": [2.0266568660736084, 2.0514280796051025, 2.1848795413970947, 2.207651376724243]}
{"Iteracion": 31, "PuntosX": [2.6772048473358154, 2.686851978302002, 2.68330979347229, 2.672778367996216], "PuntosY": [-0.3050287365913391, -0.28239962458610535, -0.16411826014518738, -0.1400744467973709]}
{"Iteracion": 32, "PuntosX": [3.2607498168945312, 3.274515151977539, 3.2586441040039062, 3.262572765350342], "PuntosY": [-0.8737155199050903, -0.8468469977378845, -0.7224239110946655, -0.6934812068939209]}
{"Iteracion": 33, "PuntosX": [2.6965837478637695, 2.696810007095337, 2.6874160766601562, 2.702510356903076], "PuntosY": [-1.3152114152908325, -1.286312460899353, -1.140740156173706, -1.1194162368774414]}
{"Iteracion": 34, "PuntosX": [3.3189632892608643, 3.304638147354126, 3.300590991973877, 3.310737371444702], "PuntosY": [-0.1159009337425232, -0.08653482794761658, 0.057612210512161255, 0.08669492602348328]}
{"Iteracion": 35, "PuntosX": [2.6183934211730957, 2.6006250381469727, 2.613037109375, 2.6080312728881836, 2.595881938934326], "PuntosY": [0.27520427107810974, 0.2963036596775055, 0.32084083557128906, 0.43643468618392944, 0.4577238857746124]}
{"Iteracion": 36, "PuntosX": [3.1046674251556396, 3.0985684394836426, 3.0931506156921387], "PuntosY": [0.6882883310317993, 0.7153608798980713, 0.8578065037727356]}
{"Iteracion": 37, "PuntosX": [3.040511131286621, 3.0572264194488525, 3.0363776683807373], "PuntosY": [-0.6185991764068604, -0.5942647457122803, -0.45378997921943665]}
{"Iteracion": 38, "PuntosX": [3.0120127201080322, 3.014639139175415, 3.007673501968384, 3.0093202590942383], "PuntosY": [-0.07887231558561325, -0.0526207759976387, 0.07875876873731613, 0.1050879955291748]}
{"Iteracion": 39, "PuntosX": [2.869424343109131, 2.8474597930908203], "PuntosY": [0.07513852417469025, 0.09943555295467377]}
{"Iteracion": 40, "PuntosX": [3.015551805496216, 2.849830389022827, 2.8675904273986816], "PuntosY": [1.280568540096283e-09, 0.02486994117498398, 0.0500541627407074]}
{"Iteracion": 41, "PuntosX": [3.362733840942383, 3.34956955909729, 3.192805290222168, 3.2002227306365967], "PuntosY": [0.7763482332229614, 0.8041605353355408, 0.7960560321807861, 0.8276338577270508]}
{"Iteracion": 42, "PuntosX": [2.8185524940490723, 2.7910237312316895, 2.66571044921875, 2.633138418197632], "PuntosY": [1.4672458171844482, 1.4840136766433716, 1.4776278734207153, 1.4897581338882446]}
{"Iteracion": 43, "PuntosX": [3.270875930786133, 3.236841917037964, 3.0917892456054688, 3.0779128074645996], "PuntosY": [1.775941252708435, 1.7942112684249878, 1.7850451469421387, 1.8130292892456055]}
{"Iteracion": 44,