{"TiempoSleep": 5, "MaxIteraciones": 60}
{"Iteracion": 0, "PuntosX": [2.8510091304779053, 2.8196980953216553, 2.8131344318389893], "PuntosY": [2.7531871795654297, 2.7709085941314697, 2.8131344318389893]}
{"Iteracion": 1, "PuntosX": [3.3484864234924316, 3.328009843826294, 3.2287747859954834, 3.197777032852173, 3.20261549949646], "PuntosY": [2.910794258117676, 2.9443745613098145, 3.010880708694458, 3.034575939178467, 3.0927298069000244]}
{"Iteracion": 2, "PuntosX": [3.384640693664551, 3.321855068206787, 3.3055479526519775], "PuntosY": [3.26850962638855, 3.2643775939941406, 3.3055479526519775]}
{"Iteracion": 3, "PuntosX": [3.275113105773926, 3.249295234680176, 3.253631591796875, 3.165731906890869, 3.122163772583008, 3.106968879699707], "PuntosY": [2.6051430702209473, 2.631227493286133, 2.6820876598358154, 2.7037909030914307, 2.7140557765960693, 2.7488152980804443]}
{"Iteracion": 4, "PuntosX": [2.880019187927246, 2.8662023544311523, 2.866927146911621, 2.7628469467163086, 2.7357969284057617, 2.7241930961608887, 2.742361545562744], "PuntosY": [1.8347748517990112, 1.8613338470458984, 1.8975781202316284, 1.9345661401748657, 1.9514249563217163, 1.9792420864105225, 2.0292410850524902]}
{"Iteracion": 5, "PuntosX": [3.332174777984619, 3.3194587230682373, 3.3236083984375, 3.3685824871063232, 3.2366576194763184, 3.19328236579895, 3.181051731109619, 3.1918962001800537], "PuntosY": [1.3125779628753662, 1.3411483764648438, 1.3766833543777466, 1.4298783540725708, 1.4073388576507568, 1.421741008758545, 1.4496889114379883, 1.488405466079712]}
{"Iteracion": 6, "PuntosX": [3.000741958618164, 2.965078592300415, 2.954007625579834, 2.964043617248535, 2.9844770431518555, 2.860349416732788, 2.82959246635437, 2.8192484378814697, 2.8280606269836426, 2.845775604248047], "PuntosY": [0.6105078458786011, 0.6302468776702881, 0.6548876762390137, 0.6843031644821167, 0.7165094614028931, 0.7131651639938354, 0.7317823171615601, 0.7554154396057129, 0.7842906713485718, 0.816012978553772]}
{"Iteracion": 7, "PuntosX": [3.3663740158081055, 3.353696346282959, 3.3570497035980225, 3.3680312633514404, 3.2301390171051025, 3.2182648181915283, 3.221346616744995, 3.2323365211486816], "PuntosY": [0.26493963599205017, 0.2934105098247528, 0.3232470154762268, 0.3539946377277374, 0.368027925491333, 0.39515337347984314, 0.4240986108779907, 0.4542754888534546]}
{"Iteracion": 8, "PuntosX": [2.9748945236206055, 2.9634604454040527, 2.9702858924865723, 2.9796998500823975, 2.84134578704834, 2.8307363986968994, 2.8321900367736816, 2.841508388519287, 2.8673958778381348], "PuntosY": [0.051927246153354645, 0.0776011198759079, 0.10372482985258102, 0.13009662926197052, 0.14890868961811066, 0.17313547432422638, 0.1980457752943039, 0.22363165020942688, 0.25086459517478943]}
{"Iteracion": 9, "PuntosX": [3.1310174465179443, 3.1177327632904053, 3.1258373260498047, 2.996129035949707, 2.983908176422119, 2.988889455795288, 2.9981577396392822, 3.0245168209075928], "PuntosY": [-0.4679337739944458, -0.43816882371902466, -0.4115244746208191, -0.3678784966468811, -0.3399735689163208, -0.31414514780044556, -0.28868961334228516, -0.26461100578308105]}
{"Iteracion": 10, "PuntosX": [3.459644079208374, 3.456789255142212, 3.332710027694702, 3.318753480911255, 3.3248095512390137, 3.335026502609253, 3.3689568042755127], "PuntosY": [-0.6100282669067383, -0.5784680247306824, -0.5278490781784058, -0.49599093198776245, -0.4672715365886688, -0.4390644133090973, -0.41365596652030945]}
{"Iteracion": 11, "PuntosX": [3.4302773475646973, 3.3094072341918945, 3.2936975955963135, 3.3020071983337402, 3.313666820526123, 3.3449323177337646], "PuntosY": [-1.0487416982650757, -0.9802913665771484, -0.9444529414176941, -0.9157276153564453, -0.8878946304321289, -0.8650582432746887]}
{"Iteracion": 12, "PuntosX": [3.065735101699829, 2.932279586791992, 2.9177329540252686, 2.9273617267608643, 2.939004421234131, 2.9652702808380127], "PuntosY": [-1.4952590465545654, -1.3986259698867798, -1.360561728477478, -1.3340755701065063, -1.3085291385650635, -1.2893364429473877]}
{"Iteracion": 13, "PuntosX": [2.9565787315368652, 2.962620735168457, 2.97524094581604, 3.0020735263824463, 3.0504212379455566], "PuntosY": [-1.9942371845245361, -1.960915207862854, -1.9321439266204834, -1.9125312566757202, -1.906113624572754]}
{"Iteracion": 14, "PuntosX": [3.4374117851257324, 3.439730644226074, 3.457740068435669, 3.489161491394043], "PuntosY": [-2.4518818855285645, -2.408524513244629, -2.376439094543457, -2.353468894958496]}
{"Iteracion": 15, "PuntosX": [3.4389634132385254, 3.4402356147766113, 3.4577865600585938, 3.4892048835754395], "PuntosY": [-2.452988386154175, -2.4088783264160156, -2.3764705657958984, -2.3534975051879883]}
{"Iteracion": 16, "PuntosX": [3.4760568141937256, 3.4686484336853027, 3.4875402450561523, 3.52047061920166], "PuntosY": [-2.96883225440979, -2.910541296005249, -2.874906063079834, -2.8508198261260986]}
{"Iteracion": 17, "PuntosX": [3.000141143798828, 2.995239734649658, 3.008732318878174, 3.037135124206543, 3.0843520164489746], "PuntosY": [-2.5623621940612793, -2.5133042335510254, -2.480207920074463, -2.459423542022705, -2.453404426574707]}
{"Iteracion": 18, "PuntosX": [3.0713019371032715, 3.0852999687194824, 3.1152329444885254, 3.1627540588378906], "PuntosY": [-3.0181591510772705, -2.9794392585754395, -2.9562454223632812, -2.9493157863616943]}
{"Iteracion": 19, "PuntosX": [3.28057861328125, 3.1445748805999756, 3.130908966064453, 3.141266107559204, 3.1576619148254395, 3.185817003250122], "PuntosY": [-1.6356353759765625, -1.5337119102478027, -1.4933668375015259, -1.4647964239120483, -1.4390292167663574, -1.4184173345565796]}
{"Iteracion": 20, "PuntosX": [3.260335922241211, 3.2573084831237793, 3.2673420906066895, 3.1312127113342285, 3.119189739227295, 3.125673294067383, 3.135578155517578, 3.172410488128662], "PuntosY": [-0.11385347694158554, -0.08529531210660934, -0.05703158676624298, -0.02732548490166664, 4.190951585769653e-08, 0.027277585119009018, 0.05473172292113304, 0.08307275176048279]}
{"Iteracion": 21, "PuntosX": [3.23781156539917, 3.1933987140655518, 3.190593957901001, 3.2048189640045166, 3.2253940105438232, 3.1852941513061523, 3.180004358291626, 3.193861961364746], "PuntosY": [-0.16968657076358795, -0.13942690193653107, -0.11141800135374069, -0.0839211493730545, 5.960464477539063e-08, 0.027797870337963104, 0.05550720915198326, 0.08363457024097443]}
{"Iteracion": 22, "PuntosX": [2.900238513946533, 2.8594260215759277, 2.8364200592041016, 2.8269147872924805, 2.890824794769287, 2.851011276245117, 2.827313184738159, 2.817452907562256], "PuntosY": [1.7083708047866821, 1.7181167602539062, 1.7381608486175537, 1.7664523124694824, 1.8773239850997925, 1.8870434761047363, 1.9070466756820679, 1.9363816976547241]}
{"Iteracion": 23, "PuntosX": [2.8310976028442383, 2.7916266918182373, 2.7702839374542236, 2.8614282608032227], "PuntosY": [2.733959197998047, 2.743323564529419, 2.7702834606170654, 2.9118096828460693]}
{"Iteracion": 24, "PuntosX": [2.8655216693878174, 2.812717914581299, 2.779696464538574, 2.762799024581909], "PuntosY": [2.767202138900757, 2.7640492916107178, 2.7796969413757324, 2.81144380569458]}
{"Iteracion": 25, "PuntosX": [3.2664954662323, 3.2276577949523926, 3.2116072177886963, 3.278226137161255, 3.232524871826172, 3.206441640853882], "PuntosY": [2.8395209312438965, 2.8555898666381836, 2.8917436599731445, 3.0039405822753906, 3.014378070831299, 3.0427987575531006]}
{"Iteracion": 26, "PuntosX": [3.2730164527893066, 3.2252237796783447, 3.1977601051330566, 3.277082681655884], "PuntosY": [3.160714864730835, 3.169419050216675, 3.197760581970215, 3.334782838821411]}
{"Iteracion": 27, "PuntosX": [3.176908016204834, 3.1419200897216797, 3.1247148513793945, 3.21669864654541, 3.1544337272644043, 3.1273882389068604, 3.120440721511841], "PuntosY": [1.7609890699386597, 1.7776131629943848, 1.804055094718933, 1.9327877759933472, 1.9330395460128784, 1.9542090892791748, 1.9879399538040161]}
{"Iteracion": 28,