{"TiempoSleep": 5, "MaxIteraciones": 10}
{"Iteracion": 0, "PuntosX": [1.1490634679794312, 1.1259244680404663, 1.1102675199508667, 1.106650948524475, 1.1030381917953491, 1.0994294881820679, 1.0956876277923584, 1.0996217727661133, 1.1049178838729858, 1.1102988719940186, 1.115767240524292, 1.1522539854049683, 1.0115195512771606, 0.9947248101234436, 0.980627715587616, 0.9772124886512756, 0.9739111661911011, 0.9706053733825684, 0.9672940373420715, 0.9674853682518005, 0.9732540845870972, 0.9791439175605774, 0.9851412177085876], "PuntosY": [0.31866350769996643, 0.3228536546230316, 0.3288761377334595, 0.33833712339401245, 0.34778645634651184, 0.35722634196281433, 0.3666119873523712, 0.3786301016807556, 0.3912718892097473, 0.4041157066822052, 0.41716820001602173, 0.4423087537288666, 0.42936456203460693, 0.4325186312198639, 0.4366036355495453, 0.4453413486480713, 0.4541422128677368, 0.4629550278186798, 0.47178077697753906, 0.4823702871799469, 0.4958977699279785, 0.5097101926803589, 0.5238088369369507]}
{"Iteracion": 1, "PuntosX": [1.0267069339752197, 1.0110336542129517, 1.0076462030410767, 1.0042824745178223, 1.0009405612945557, 0.9974196553230286, 1.0006533861160278, 1.0043673515319824, 1.0081113576889038, 1.0118858814239502, 1.0156922340393066, 1.0227394104003906, 1.0381956100463867, 0.9115909934043884, 0.8833417296409607, 0.8803110718727112, 0.8775124549865723, 0.8747259378433228, 0.8719513416290283, 0.8691875338554382, 0.8684085607528687, 0.8719543218612671, 0.8755391240119934, 0.8791636824607849, 0.882830023765564, 0.8865392208099365, 0.8946767449378967, 0.9132706522941589, 0.9329386949539185], "PuntosY": [-0.026885313913226128, -0.017647750675678253, -0.00879359059035778, -3.101013135164976e-08, 0.008735042065382004, 0.01741001009941101, 0.026203040033578873, 0.035073306411504745, 0.044015124440193176, 0.05303068831562996, 0.06212250143289566, 0.07151685655117035, 0.08170776814222336, 0.07975386083126068, 0.08505608141422272, 0.0925244390964508, 0.09997991472482681, 0.10740290582180023, 0.11479458212852478, 0.1221563071012497, 0.12978452444076538, 0.13810399174690247, 0.14651496708393097, 0.15502025187015533, 0.16362285614013672, 0.17232578992843628, 0.1820240169763565, 0.19412168860435486, 0.20682749152183533]}
{"Iteracion": 2, "PuntosX": [1.0301707983016968, 1.01222825050354, 1.008833646774292, 1.005462408065796, 1.0021135807037354, 0.9986029267311096, 1.001570463180542, 1.005284309387207, 1.0090277194976807, 1.012802243232727, 1.016608715057373, 1.0232765674591064, 1.0387638807296753, 0.9133879542350769, 0.885033905506134, 0.8814031481742859, 0.8785980343818665, 0.8758053183555603, 0.8730247020721436, 0.8702549338340759, 0.8693600296974182, 0.8729061484336853, 0.8764909505844116, 0.8801161646842957, 0.8837826251983643, 0.8874921798706055, 0.8954641819000244, 0.9140546321868896, 0.933689534664154], "PuntosY": [-0.02697589248418808, -0.017668552696704865, -0.008803952485322952, 4.007597453892231e-08, 0.008745291270315647, 0.01743067242205143, 0.026227107271552086, 0.03510534018278122, 0.04405516758561134, 0.05307875573635101, 0.062178537249565125, 0.07155441492795944, 0.08175260573625565, 0.07991119474172592, 0.08521903306245804, 0.0926392450928688, 0.10010363161563873, 0.10753543674945831, 0.114935964345932, 0.12230643630027771, 0.12992674112319946, 0.13825471699237823, 0.1466742902994156, 0.15518823266029358, 0.16379939019680023, 0.1725110560655594, 0.18218426406383514, 0.19428840279579163, 0.20699402689933777]}
{"Iteracion": 3, "PuntosX": [0.933815062046051, 0.9201574921607971, 0.9069034457206726, 0.8940333127975464, 0.8890922665596008, 0.885714054107666, 0.8823625445365906, 0.8790359497070312, 0.8757338523864746, 0.872455358505249, 0.8702707290649414, 0.8731175661087036, 0.8759850859642029, 0.8788747191429138, 0.8817858099937439, 0.8848643898963928, 1.0205258131027222, 1.0168499946594238, 1.0131945610046387, 1.009558081626892, 1.0059410333633423, 1.0023417472839355, 1.000627040863037, 1.0042858123779297, 1.0078662633895874, 1.0114827156066895, 1.0151358842849731], "PuntosY": [-0.04893917962908745, -0.04017499089241028, -0.03166978061199188, -0.02341110073029995, -0.01551922969520092, -0.007729450240731239, 7.792550604790449e-09, 0.007671263534575701, 0.015286006964743137, 0.022846100851893425, 0.030390534549951553, 0.03812119737267494, 0.04590848833322525, 0.05375434085726738, 0.06166046857833862, 0.06964040547609329, 0.08928447216749191, 0.09791144728660583, 0.1064910814166069, 0.115024633705616, 0.1235140785574913, 0.13196083903312683, 0.14062894880771637, 0.15009154379367828, 0.15963035821914673, 0.1692640632390976, 0.17899587750434875]}
{"Iteracion": 4, "PuntosX": [0.9354535341262817, 0.921712338924408, 0.9084239602088928, 0.8955216407775879, 0.8901246786117554, 0.8867395520210266, 0.8833805918693542, 0.8800466060638428, 0.8767375349998474, 0.8734521865844727, 0.8710076808929443, 0.873853325843811, 0.8767200112342834, 0.8796083927154541, 0.8825188875198364, 0.8855797648429871, 1.021492600440979, 1.0178099870681763, 1.014147162437439, 1.0105042457580566, 1.0068796873092651, 1.0032737255096436, 1.0013127326965332, 1.0049853324890137, 1.0085639953613281, 1.0121785402297974, 1.0158300399780273], "PuntosY": [-0.04902506247162819, -0.04024287313222885, -0.031722813844680786, -0.023450076580047607, -0.015537257306277752, -0.007738370448350906, 1.6472768038511276e-08, 0.007680064532905817, 0.015303502790629864, 0.022872140631079674, 0.030416276305913925, 0.03815331682562828, 0.04594700038433075, 0.05379921942949295, 0.061711713671684265, 0.06969664245843887, 0.0893690437078476, 0.09800396114587784, 0.10659118741750717, 0.1151323914527893, 0.1236293688416481, 0.13208359479904175, 0.1407252699136734, 0.15019604563713074, 0.15974079072475433, 0.16938047111034393, 0.17911820113658905]}
{"Iteracion": 5, "PuntosX": [0.9368707537651062, 0.9230772256851196, 0.9097641706466675, 0.8968374729156494, 0.8912438154220581, 0.8878527879714966, 0.8844877481460571, 0.8811482787132263, 0.8778334856033325, 0.8745425343513489, 0.872018575668335, 0.8748661279678345, 0.8777347803115845, 0.8806247711181641, 0.883536696434021, 0.8865964412689209, 1.0225539207458496, 1.0188648700714111, 1.0151968002319336, 1.0115482807159424, 1.0079185962677002, 1.0043073892593384, 1.0023348331451416, 1.006008505821228, 1.0095891952514648, 1.0132049322128296, 1.0168579816818237], "PuntosY": [-0.049099285155534744, -0.04030241817235947, -0.03176959231495857, -0.023484444245696068, -0.015556694008409977, -0.007748090662062168, 1.5359546523541212e-08, 0.007689706049859524, 0.015322680585086346, 0.022900762036442757, 0.030451668426394463, 0.038197536021471024, 0.046000249683856964, 0.053861405700445175, 0.061782948672771454, 0.06977667659521103, 0.08946188539266586, 0.0981055274605751, 0.1067015677690506, 0.11525140702724457, 0.12375695258378983, 0.13221968710422516, 0.14086899161338806, 0.15034900605678558, 0.15990327298641205, 0.16955238580703735, 0.17929953336715698]}
{"Iteracion": 6, "PuntosX": [0.9386337399482727, 0.9247509837150574, 0.9114036560058594, 0.8984434008598328, 0.8924395442008972, 0.889040470123291, 0.8856680989265442, 0.8823211789131165, 0.878998875617981, 0.8757005929946899, 0.872956395149231, 0.8758039474487305, 0.8786724209785461, 0.8815625905990601, 0.8844746947288513, 0.8875218033790588, 1.0236793756484985, 1.0199838876724243, 1.0163086652755737, 1.0126527547836304, 1.0090160369873047, 1.0053972005844116, 1.0032416582107544, 1.0069278478622437, 1.0105074644088745, 1.0141230821609497, 1.0177751779556274],